{"train_spearman": 0.5562599592561704, "train_pearson": 0.5483233815863998, "validation_spearman": 0.44857459934811217, "validation_pearson": 0.42695510683529725, "test_spearman": 0.4263432688764017, "test_pearson": 0.3930330787263819}