{
    "train_spearman": [
        0.7281800927581107,
        0.840169690957459,
        0.9046379708362662,
        0.9188912063957045,
        0.9302620321966101,
        0.9368252880050633,
        0.9316501952808663,
        0.9418135218570246,
        0.9499782604902818,
        0.9553392035962706
    ],
    "validation_spearman": [
        0.7049486044647437,
        0.7271385133094915,
        0.7660792909610444,
        0.7609488673324545,
        0.7479759561250168,
        0.7655781134727467,
        0.771272604908347,
        0.7698663255136281,
        0.7627791701131331,
        0.7681916276452282
    ],
    "test_spearman": [
        0.7982624049231349
    ],
    "train_pearson": [
        0.6247032994295126,
        0.8250613389895571,
        0.905776040618865,
        0.9318860437865855,
        0.949419793045566,
        0.9560644912146448,
        0.952919315089748,
        0.9640305899412783,
        0.9709482516220157,
        0.9758004837484825
    ],
    "validation_pearson": [
        0.5866070946503471,
        0.6765493899242808,
        0.732913460716043,
        0.7297671084196913,
        0.7214804179847711,
        0.7401820880900206,
        0.7476543484696783,
        0.7465707274495096,
        0.7426619985594043,
        0.7507290312106311
    ],
    "test_pearson": [
        0.7766354464664761
    ]
}