{
    "train_spearman": [
        0.6046187390427622,
        0.7559785075387091,
        0.8276316095028506,
        0.8807987454680856,
        0.8995607016851209,
        0.9019715221027766,
        0.941486338743033,
        0.941243628709551,
        0.945057787591475,
        0.954939793357159
    ],
    "validation_spearman": [
        0.5381453253323563,
        0.6625611780062168,
        0.7213195379440682,
        0.7144223502073137,
        0.6833046095205737,
        0.7068943142220291,
        0.7124785855114317,
        0.740772745394114,
        0.7426581582478913,
        0.7255429146048334
    ],
    "test_spearman": [
        0.8163031526493227
    ],
    "train_pearson": [
        0.5166814746892237,
        0.7149893318105394,
        0.8286325036420165,
        0.8850654828455816,
        0.9171167351980243,
        0.9225448964418946,
        0.9593267580619382,
        0.9651250518266493,
        0.9671332115708394,
        0.9779989093914936
    ],
    "validation_pearson": [
        0.47780983925550513,
        0.609595996370309,
        0.6993479821133661,
        0.6910291889874237,
        0.6666928307198354,
        0.6870094385942531,
        0.6994885479858847,
        0.731680666276581,
        0.7298964211883184,
        0.7152852028949334
    ],
    "test_pearson": [
        0.7857911195862448
    ]
}