{
    "train_spearman": [
        0.9032070669665331,
        0.9408861428588903,
        0.9598194944280222,
        0.9638005824900774,
        0.9658551656642883,
        0.9673870146251136,
        0.9680423413201859,
        0.9684611529945026,
        0.9687321007604119,
        0.9687952514715376
    ],
    "validation_spearman": [
        0.8791042157023011,
        0.8849828396174312,
        0.8920803686787446,
        0.8862587998981168,
        0.8902085712547918,
        0.8880664102957546,
        0.8915506636231959,
        0.8905022755267179,
        0.8911460908512712,
        0.8915785428366458
    ],
    "test_spearman": [
        0.8945117098223281
    ],
    "train_pearson": [
        0.906912179333944,
        0.9550093752198106,
        0.9787778476746543,
        0.9840474823337251,
        0.9882737827934105,
        0.9914808427896765,
        0.9930405955691878,
        0.9928602601876235,
        0.9936236055880887,
        0.9937329998700386
    ],
    "validation_pearson": [
        0.8829420330654346,
        0.8930087605429408,
        0.9013893757938024,
        0.8944643578448506,
        0.8970277254317419,
        0.8984249390452083,
        0.8998474171906291,
        0.8996792394866743,
        0.9002553794158613,
        0.9001295500868329
    ],
    "test_pearson": [
        0.9018690080423554
    ]
}