{
    "train_spearman": [
        0.8809855082936123,
        0.9302943999375215,
        0.9444142266182473,
        0.9528869870470633,
        0.961500263811053,
        0.9582045170406126,
        0.9660121059866903,
        0.9674499252194667,
        0.96796747291057,
        0.9681708998400971
    ],
    "validation_spearman": [
        0.8620810382990082,
        0.8874504741846513,
        0.8884346752548143,
        0.8901223401992374,
        0.8907045619126803,
        0.8844589697460928,
        0.8880028716232409,
        0.8933725378044594,
        0.8905580339536179,
        0.8900827906173665
    ],
    "test_spearman": [
        0.9155113813499436
    ],
    "train_pearson": [
        0.8819566775484624,
        0.9464584469786839,
        0.968995957843048,
        0.973058295804596,
        0.981145101384489,
        0.9824555923005853,
        0.9869088080940437,
        0.9910007939552214,
        0.9925478089128869,
        0.9931345704944423
    ],
    "validation_pearson": [
        0.8650873705934699,
        0.8932632962077803,
        0.897749444614979,
        0.9006527371264323,
        0.8974136508515892,
        0.8950534118193658,
        0.8909105544094676,
        0.9005684812151309,
        0.897196446688504,
        0.8972401762269646
    ],
    "test_pearson": [
        0.9205818071606002
    ]
}