{"train_spearman": [0.8461272281960056, 0.8528163532165199, 0.8942399061034675, 0.9168125154975506, 0.9255682775542473, 0.9175856915044878, 0.9259078506936916, 0.954643537283445, 0.9580473366014384, 0.9597364140247923], "validation_spearman": [0.8652015651439979, 0.8423490387144632, 0.8546839697815581, 0.8701134935415964, 0.8633861745007461, 0.8617763120124624, 0.8660424800241041, 0.8802907031584264, 0.8806252537198256, 0.8796514263104814], "test_spearman": [0.894223208268508], "train_pearson": [0.7657501202483998, 0.8379439770165419, 0.9008424924245343, 0.9279583179006611, 0.9477419335567311, 0.9379635861860689, 0.946968239452813, 0.9764751139459191, 0.9806295558533685, 0.982991004327714], "validation_pearson": [0.7853853721075973, 0.8243482074211145, 0.8466389185550163, 0.8709049949402436, 0.8586809051176197, 0.8404593673132018, 0.8532384398030791, 0.8847706087439989, 0.8890107337008544, 0.8884207882739776], "test_pearson": [0.8855476246351207]}