{"train_spearman": 0.5198695695648711, "train_pearson": 0.5005066022164474, "validation_spearman": 0.3903718786178561, "validation_pearson": 0.3696904243742231, "test_spearman": 0.42665477909502114, "test_pearson": 0.38729106429039334}