{"train_spearman": 0.49291888539492074, "train_pearson": 0.4589520180850921, "validation_spearman": 0.3557698846036751, "validation_pearson": 0.22440662389940746, "test_spearman": 0.41658261535966207, "test_pearson": 0.41485096088990975}